{"cameraMode":{"drawMode":0,"name":"Shaded","section":"Shading Mode"},"sceneLighting":true,"audioPlay":false,"sceneViewState":{"m_AlwaysRefresh":false,"showFog":true,"showSkybox":true,"showFlares":true,"showImageEffects":true,"showParticleSystems":true,"showVisualEffectGraphs":true,"m_FxEnabled":true},"in2DMode":false,"pivot":{"x":486.8927917480469,"y":215.39169311523438,"z":101.94927978515625},"rotation":{"x":0.07224539667367935,"y":-0.005988498218357563,"z":0.00043389949132688344,"w":0.9973695278167725},"size":313.8326110839844,"orthographic":false}